code_creditor,loan_rate,loan_status,loan_purpose
L006,21.21,1,MEDICAL
L014,20.25,1,MEDICAL
L103,20.16,1,EDUCATION
L085,20.03,1,DEBTCONSOLIDATION
L065,20.03,1,MEDICAL
L145,19.91,0,HOMEIMPROVEMENT
L054,19.79,1,HOMEIMPROVEMENT
L109,19.74,0,HOMEIMPROVEMENT
L036,19.69,1,DEBTCONSOLIDATION
L138,19.69,1,DEBTCONSOLIDATION
L018,19.69,1,MEDICAL
L134,19.41,0,EDUCATION
L049,19.04,1,MEDICAL
L132,18.99,1,EDUCATION
L098,18.67,0,VENTURE
L053,18.64,0,EDUCATION
L044,18.64,1,VENTURE
L149,18.62,1,DEBTCONSOLIDATION
L147,18.43,1,VENTURE
L088,18.39,1,EDUCATION
L089,18.39,1,EDUCATION
L128,18.3,0,PERSONAL
L148,18.3,1,EDUCATION
L059,18.3,0,PERSONAL
L102,18.25,1,DEBTCONSOLIDATION
L032,18.25,1,MEDICAL
L018,18.25,1,HOMEIMPROVEMENT
L127,18.09,1,VENTURE
L139,17.99,1,MEDICAL
L068,17.99,1,DEBTCONSOLIDATION
L119,17.93,1,VENTURE
L043,17.93,1,MEDICAL
L041,17.8,1,PERSONAL
L150,17.74,1,VENTURE
L127,17.74,1,VENTURE
L128,17.74,0,VENTURE
L144,17.58,1,EDUCATION
L049,17.58,1,EDUCATION
L105,17.58,0,PERSONAL
L115,17.56,1,PERSONAL
L120,17.56,1,HOMEIMPROVEMENT
L121,17.56,1,MEDICAL
L132,17.56,1,VENTURE
L101,17.51,1,EDUCATION
L046,17.49,1,PERSONAL
L131,17.49,1,PERSONAL
L005,17.39,1,VENTURE
L150,17.39,1,MEDICAL
L144,17.27,1,PERSONAL
L015,17.27,1,DEBTCONSOLIDATION
L071,17.27,1,HOMEIMPROVEMENT
L129,17.26,1,MEDICAL
L096,17.19,1,MEDICAL
L136,17.19,1,MEDICAL
L108,17.19,1,VENTURE
L069,17.19,1,MEDICAL
L022,17.19,1,EDUCATION
L059,17.14,1,VENTURE
L113,17.04,1,PERSONAL
L030,17.04,1,PERSONAL
L105,17.04,1,MEDICAL
L139,17.04,1,VENTURE
L121,16.95,1,EDUCATION
L102,16.89,1,HOMEIMPROVEMENT
L109,16.89,1,MEDICAL
L065,16.89,1,EDUCATION
L134,16.89,1,DEBTCONSOLIDATION
L036,16.89,0,EDUCATION
L011,16.82,1,HOMEIMPROVEMENT
L010,16.82,0,EDUCATION
L086,16.82,1,EDUCATION
L047,16.77,0,PERSONAL
L128,16.77,1,HOMEIMPROVEMENT
L144,16.77,0,VENTURE
L076,16.77,1,MEDICAL
L143,16.7,1,HOMEIMPROVEMENT
L077,16.7,1,VENTURE
L117,16.7,1,PERSONAL
L070,16.7,1,PERSONAL
L093,16.7,1,DEBTCONSOLIDATION
L009,16.69,1,DEBTCONSOLIDATION
L107,16.69,1,VENTURE
L108,16.63,1,DEBTCONSOLIDATION
L098,16.49,1,MEDICAL
L113,16.49,1,MEDICAL
L013,16.49,0,PERSONAL
L133,16.49,1,PERSONAL
L092,16.49,1,VENTURE
L035,16.45,0,HOMEIMPROVEMENT
L115,16.45,1,PERSONAL
L104,16.45,0,EDUCATION
L083,16.35,1,EDUCATION
L143,16.35,1,DEBTCONSOLIDATION
L104,16.35,1,PERSONAL
L023,16.35,1,HOMEIMPROVEMENT
L021,16.35,1,MEDICAL
L145,16.32,0,EDUCATION
L002,16.32,1,VENTURE
L109,16.32,1,MEDICAL
L079,16.32,0,PERSONAL
L035,16.32,0,EDUCATION
L022,16.29,1,VENTURE
L112,16.29,1,EDUCATION
L011,16.29,0,PERSONAL
L120,16.29,1,VENTURE
L086,16.29,1,HOMEIMPROVEMENT
L008,16.07,0,EDUCATION
L074,16.07,0,PERSONAL
L004,16.07,1,DEBTCONSOLIDATION
L005,16.02,1,PERSONAL
L124,16.02,1,DEBTCONSOLIDATION
L057,16.02,0,EDUCATION
L065,16,1,DEBTCONSOLIDATION
L048,16,0,VENTURE
L038,16,1,DEBTCONSOLIDATION
L123,16,1,EDUCATION
L084,16,1,DEBTCONSOLIDATION
L119,16,1,MEDICAL
L022,16,0,DEBTCONSOLIDATION
L013,16,0,EDUCATION
L067,16,1,VENTURE
L123,16,1,MEDICAL
L073,15.99,1,EDUCATION
L047,15.99,1,VENTURE
L040,15.99,0,PERSONAL
L133,15.99,0,EDUCATION
L045,15.99,1,VENTURE
L030,15.99,1,MEDICAL
L128,15.96,0,PERSONAL
L070,15.95,1,EDUCATION
L089,15.95,1,DEBTCONSOLIDATION
L057,15.95,1,MEDICAL
L113,15.95,1,VENTURE
L121,15.95,1,EDUCATION
L077,15.95,1,PERSONAL
L064,15.95,1,HOMEIMPROVEMENT
L049,15.83,1,DEBTCONSOLIDATION
L069,15.7,1,MEDICAL
L019,15.7,1,PERSONAL
L023,15.7,0,HOMEIMPROVEMENT
L143,15.7,1,MEDICAL
L091,15.7,0,PERSONAL
L007,15.7,0,EDUCATION
L061,15.68,1,DEBTCONSOLIDATION
L019,15.68,1,HOMEIMPROVEMENT
L019,15.68,1,EDUCATION
L082,15.65,1,EDUCATION
L065,15.65,1,VENTURE
L141,15.65,1,DEBTCONSOLIDATION
L047,15.65,0,EDUCATION
L068,15.65,1,EDUCATION
L087,15.65,1,MEDICAL
L150,15.65,1,PERSONAL
L125,15.65,0,VENTURE
L027,15.65,1,VENTURE
L083,15.65,1,VENTURE
L020,15.62,1,VENTURE
L130,15.62,1,DEBTCONSOLIDATION
L143,15.62,0,VENTURE
L038,15.62,0,EDUCATION
L015,15.58,1,DEBTCONSOLIDATION
L063,15.58,1,PERSONAL
L073,15.58,0,EDUCATION
L079,15.37,1,MEDICAL
L104,15.33,0,EDUCATION
L025,15.33,1,DEBTCONSOLIDATION
L088,15.33,1,VENTURE
L143,15.33,1,MEDICAL
L054,15.33,1,MEDICAL
L107,15.33,0,EDUCATION
L035,15.33,1,MEDICAL
L072,15.33,1,VENTURE
L150,15.33,1,PERSONAL
L045,15.31,0,HOMEIMPROVEMENT
L088,15.31,0,VENTURE
L136,15.31,1,MEDICAL
L106,15.31,0,HOMEIMPROVEMENT
L015,15.28,1,HOMEIMPROVEMENT
L049,15.28,0,EDUCATION
L084,15.27,0,VENTURE
L061,15.27,0,PERSONAL
L093,15.27,0,VENTURE
L117,15.23,1,MEDICAL
L048,15.23,1,PERSONAL
L053,15.23,0,EDUCATION
L091,15.23,1,MEDICAL
L110,15.21,1,PERSONAL
L036,15.21,1,EDUCATION
L010,15.21,1,VENTURE
L003,15.21,0,VENTURE
L097,15.21,0,VENTURE
L133,15.2,1,MEDICAL
L131,15.05,1,PERSONAL
L025,15.05,1,HOMEIMPROVEMENT
L026,15.05,0,DEBTCONSOLIDATION
L135,15.05,0,DEBTCONSOLIDATION
L030,15.05,0,VENTURE
L023,14.96,1,HOMEIMPROVEMENT
L010,14.96,1,DEBTCONSOLIDATION
L003,14.96,1,VENTURE
L146,14.96,1,DEBTCONSOLIDATION
L037,14.96,1,MEDICAL
L065,14.96,1,HOMEIMPROVEMENT
L091,14.96,1,VENTURE
L123,14.96,1,MEDICAL
L006,14.96,1,MEDICAL
L067,14.96,0,EDUCATION
L008,14.96,1,PERSONAL
L032,14.96,1,HOMEIMPROVEMENT
L025,14.93,1,DEBTCONSOLIDATION
L056,14.91,1,HOMEIMPROVEMENT
L076,14.91,1,MEDICAL
L054,14.91,1,HOMEIMPROVEMENT
L124,14.88,1,VENTURE
L005,14.84,0,EDUCATION
L075,14.84,0,HOMEIMPROVEMENT
L080,14.84,1,EDUCATION
L130,14.84,1,DEBTCONSOLIDATION
L090,14.84,1,PERSONAL
L139,14.84,1,DEBTCONSOLIDATION
L048,14.84,1,DEBTCONSOLIDATION
L008,14.83,1,DEBTCONSOLIDATION
L141,14.82,1,HOMEIMPROVEMENT
L034,14.79,0,MEDICAL
L084,14.79,0,EDUCATION
L139,14.79,0,MEDICAL
L047,14.74,1,VENTURE
L048,14.74,1,MEDICAL
L051,14.74,0,HOMEIMPROVEMENT
L115,14.74,1,HOMEIMPROVEMENT
L094,14.74,1,EDUCATION
L070,14.72,1,VENTURE
L057,14.72,0,VENTURE
L099,14.72,0,DEBTCONSOLIDATION
L130,14.7,1,VENTURE
L076,14.65,0,EDUCATION
L038,14.65,1,MEDICAL
L111,14.65,1,VENTURE
L116,14.61,1,DEBTCONSOLIDATION
L036,14.61,1,EDUCATION
L043,14.61,1,PERSONAL
L079,14.59,1,MEDICAL
L065,14.59,1,MEDICAL
L114,14.59,1,DEBTCONSOLIDATION
L085,14.59,1,HOMEIMPROVEMENT
L136,14.59,1,MEDICAL
L112,14.59,1,DEBTCONSOLIDATION
L146,14.59,1,MEDICAL
L069,14.54,1,PERSONAL
L074,14.54,1,DEBTCONSOLIDATION
L042,14.54,1,HOMEIMPROVEMENT
L073,14.54,1,VENTURE
L085,14.54,1,PERSONAL
L078,14.5,1,PERSONAL
L150,14.46,0,HOMEIMPROVEMENT
L047,14.46,1,HOMEIMPROVEMENT
L068,14.42,0,HOMEIMPROVEMENT
L004,14.42,1,DEBTCONSOLIDATION
L066,14.42,1,DEBTCONSOLIDATION
L091,14.35,0,PERSONAL
L106,14.35,1,DEBTCONSOLIDATION
L054,14.35,0,EDUCATION
L056,14.3,1,MEDICAL
L103,14.27,1,MEDICAL
L133,14.27,0,MEDICAL
L008,14.27,0,DEBTCONSOLIDATION
L113,14.27,1,DEBTCONSOLIDATION
L042,14.27,0,MEDICAL
L042,14.26,0,MEDICAL
L150,14.26,1,VENTURE
L096,14.26,0,HOMEIMPROVEMENT
L140,14.26,1,DEBTCONSOLIDATION
L102,14.22,0,EDUCATION
L036,14.22,1,PERSONAL
L146,14.22,0,HOMEIMPROVEMENT
L109,14.22,1,VENTURE
L026,14.17,1,HOMEIMPROVEMENT
L004,14.17,0,MEDICAL
L092,14.17,1,DEBTCONSOLIDATION
L085,14.17,0,EDUCATION
L147,14.11,1,PERSONAL
L118,14.11,1,DEBTCONSOLIDATION
L093,14.11,1,VENTURE
L036,14.11,1,HOMEIMPROVEMENT
L069,14.09,1,PERSONAL
L007,14.09,1,MEDICAL
L125,14.09,1,DEBTCONSOLIDATION
L002,14.09,0,PERSONAL
L120,14.09,0,EDUCATION
L007,13.99,0,MEDICAL
L081,13.99,0,DEBTCONSOLIDATION
L082,13.99,0,HOMEIMPROVEMENT
L063,13.99,0,PERSONAL
L132,13.98,1,DEBTCONSOLIDATION
L010,13.98,1,PERSONAL
L001,13.98,0,PERSONAL
L047,13.98,0,DEBTCONSOLIDATION
L103,13.98,0,EDUCATION
L085,13.98,0,VENTURE
L120,13.98,0,EDUCATION
L119,13.98,0,EDUCATION
L034,13.98,0,MEDICAL
L113,13.92,0,PERSONAL
L070,13.92,1,PERSONAL
L141,13.92,0,HOMEIMPROVEMENT
L118,13.92,1,DEBTCONSOLIDATION
L078,13.92,0,EDUCATION
L044,13.87,1,PERSONAL
L066,13.87,0,EDUCATION
L108,13.85,0,DEBTCONSOLIDATION
L124,13.85,0,MEDICAL
L042,13.85,1,HOMEIMPROVEMENT
L059,13.85,1,DEBTCONSOLIDATION
L007,13.85,1,MEDICAL
L007,13.85,0,HOMEIMPROVEMENT
L132,13.85,0,MEDICAL
L116,13.85,1,MEDICAL
L057,13.85,0,DEBTCONSOLIDATION
L146,13.85,1,VENTURE
L011,13.85,0,MEDICAL
L056,13.85,0,HOMEIMPROVEMENT
L108,13.85,1,MEDICAL
L150,13.85,1,DEBTCONSOLIDATION
L013,13.79,0,HOMEIMPROVEMENT
L130,13.79,1,EDUCATION
L011,13.79,1,VENTURE
L009,13.79,1,PERSONAL
L111,13.72,0,DEBTCONSOLIDATION
L082,13.72,0,DEBTCONSOLIDATION
L118,13.61,1,EDUCATION
L098,13.61,0,PERSONAL
L027,13.61,1,DEBTCONSOLIDATION
L064,13.61,0,PERSONAL
L084,13.61,1,DEBTCONSOLIDATION
L030,13.61,1,MEDICAL
L139,13.57,0,VENTURE
L041,13.57,0,MEDICAL
L071,13.57,0,VENTURE
L041,13.57,0,DEBTCONSOLIDATION
L074,13.57,1,PERSONAL
L115,13.57,1,EDUCATION
L125,13.57,0,EDUCATION
L009,13.49,0,MEDICAL
L034,13.49,0,MEDICAL
L040,13.49,1,PERSONAL
L022,13.49,1,DEBTCONSOLIDATION
L123,13.49,0,HOMEIMPROVEMENT
L034,13.49,0,DEBTCONSOLIDATION
L124,13.49,1,VENTURE
L056,13.49,0,VENTURE
L071,13.49,0,DEBTCONSOLIDATION
L027,13.49,0,DEBTCONSOLIDATION
L127,13.49,0,EDUCATION
L086,13.49,1,DEBTCONSOLIDATION
L035,13.49,0,EDUCATION
L051,13.48,1,PERSONAL
L011,13.48,0,HOMEIMPROVEMENT
L127,13.48,0,EDUCATION
L094,13.48,0,EDUCATION
L025,13.48,1,EDUCATION
L051,13.48,1,EDUCATION
L115,13.47,1,DEBTCONSOLIDATION
L148,13.47,1,PERSONAL
L001,13.47,0,VENTURE
L146,13.47,0,MEDICAL
L010,13.47,1,EDUCATION
L070,13.47,1,EDUCATION
L023,13.47,1,MEDICAL
L085,13.43,1,EDUCATION
L026,13.43,0,PERSONAL
L028,13.43,1,EDUCATION
L012,13.36,1,HOMEIMPROVEMENT
L035,13.35,1,EDUCATION
L008,13.35,0,DEBTCONSOLIDATION
L084,13.35,1,VENTURE
L008,13.23,0,PERSONAL
L041,13.23,0,EDUCATION
L116,13.22,1,PERSONAL
L124,13.22,1,PERSONAL
L089,13.22,1,DEBTCONSOLIDATION
L072,13.22,1,DEBTCONSOLIDATION
L119,13.22,1,PERSONAL
L015,13.22,0,PERSONAL
L059,13.16,0,EDUCATION
L091,13.16,1,DEBTCONSOLIDATION
L024,13.16,1,PERSONAL
L133,13.16,0,EDUCATION
L045,13.16,1,MEDICAL
L052,13.11,1,MEDICAL
L106,13.11,1,HOMEIMPROVEMENT
L070,13.11,1,MEDICAL
L104,13.11,1,DEBTCONSOLIDATION
L129,13.11,0,DEBTCONSOLIDATION
L136,13.11,1,MEDICAL
L050,13.11,1,EDUCATION
L143,13.11,0,PERSONAL
L071,13.06,1,EDUCATION
L134,13.06,1,EDUCATION
L096,13.06,0,DEBTCONSOLIDATION
L067,13.06,0,VENTURE
L122,13.06,0,HOMEIMPROVEMENT
L075,13.06,0,HOMEIMPROVEMENT
L144,13.04,0,MEDICAL
L138,13.04,0,MEDICAL
L007,12.99,0,EDUCATION
L143,12.99,1,PERSONAL
L094,12.99,0,PERSONAL
L128,12.99,1,HOMEIMPROVEMENT
L146,12.98,0,EDUCATION
L148,12.98,1,VENTURE
L075,12.98,1,VENTURE
L117,12.98,1,MEDICAL
L128,12.92,0,PERSONAL
L019,12.92,1,PERSONAL
L111,12.87,1,MEDICAL
L145,12.87,1,DEBTCONSOLIDATION
L073,12.87,1,DEBTCONSOLIDATION
L004,12.87,0,MEDICAL
L030,12.87,0,PERSONAL
L126,12.87,0,EDUCATION
L139,12.87,1,MEDICAL
L070,12.84,1,EDUCATION
L027,12.84,1,MEDICAL
L146,12.84,1,EDUCATION
L118,12.73,1,EDUCATION
L126,12.73,1,PERSONAL
L012,12.73,1,MEDICAL
L121,12.73,0,VENTURE
L106,12.73,0,MEDICAL
L024,12.73,0,PERSONAL
L131,12.73,0,EDUCATION
L087,12.69,1,VENTURE
L103,12.69,1,MEDICAL
L105,12.69,0,DEBTCONSOLIDATION
L121,12.69,0,EDUCATION
L029,12.69,0,MEDICAL
L100,12.69,0,HOMEIMPROVEMENT
L079,12.69,1,EDUCATION
L017,12.69,0,VENTURE
L015,12.69,1,DEBTCONSOLIDATION
L045,12.69,0,VENTURE
L085,12.69,0,PERSONAL
L058,12.69,0,HOMEIMPROVEMENT
L028,12.69,0,EDUCATION
L101,12.68,1,HOMEIMPROVEMENT
L101,12.68,0,MEDICAL
L072,12.68,0,HOMEIMPROVEMENT
L005,12.68,0,VENTURE
L076,12.68,0,MEDICAL
L072,12.61,1,HOMEIMPROVEMENT
L006,12.61,1,DEBTCONSOLIDATION
L058,12.53,0,MEDICAL
L048,12.53,0,DEBTCONSOLIDATION
L036,12.53,1,HOMEIMPROVEMENT
L053,12.53,0,EDUCATION
L091,12.53,0,DEBTCONSOLIDATION
L140,12.53,0,VENTURE
L038,12.53,0,EDUCATION
L114,12.53,1,VENTURE
L075,12.53,1,MEDICAL
L083,12.53,1,PERSONAL
L107,12.53,1,EDUCATION
L103,12.53,1,DEBTCONSOLIDATION
L139,12.53,0,PERSONAL
L117,12.53,0,EDUCATION
L139,12.53,1,PERSONAL
L073,12.53,0,EDUCATION
L013,12.53,0,EDUCATION
L056,12.53,1,MEDICAL
L014,12.53,1,EDUCATION
L059,12.42,1,EDUCATION
L026,12.42,0,VENTURE
L105,12.42,0,PERSONAL
L140,12.42,1,DEBTCONSOLIDATION
L058,12.42,1,MEDICAL
L059,12.42,0,EDUCATION
L054,12.42,0,EDUCATION
L052,12.42,0,VENTURE
L062,12.42,1,MEDICAL
L128,12.36,0,EDUCATION
L007,12.29,1,EDUCATION
L041,12.29,0,EDUCATION
L063,12.29,0,DEBTCONSOLIDATION
L085,12.29,0,HOMEIMPROVEMENT
L048,12.23,1,VENTURE
L108,12.23,0,PERSONAL
L029,12.21,1,VENTURE
L148,12.21,1,EDUCATION
L083,12.21,0,PERSONAL
L059,12.21,0,PERSONAL
L066,12.21,0,EDUCATION
L054,12.21,1,VENTURE
L150,12.21,0,MEDICAL
L090,12.21,0,EDUCATION
L056,12.18,0,HOMEIMPROVEMENT
L143,12.18,0,VENTURE
L081,12.18,1,DEBTCONSOLIDATION
L025,12.18,1,VENTURE
L138,12.18,1,EDUCATION
L018,12.18,1,HOMEIMPROVEMENT
L125,12.18,0,EDUCATION
L034,12.18,1,VENTURE
L096,12.18,1,VENTURE
L048,12.18,0,DEBTCONSOLIDATION
L014,11.99,0,DEBTCONSOLIDATION
L102,11.99,0,VENTURE
L132,11.99,0,PERSONAL
L130,11.99,1,HOMEIMPROVEMENT
L094,11.99,1,HOMEIMPROVEMENT
L054,11.99,1,PERSONAL
L103,11.99,1,EDUCATION
L067,11.99,0,MEDICAL
L057,11.99,1,DEBTCONSOLIDATION
L076,11.99,1,MEDICAL
L134,11.99,0,PERSONAL
L037,11.97,1,PERSONAL
L037,11.91,0,VENTURE
L074,11.89,1,PERSONAL
L110,11.89,0,EDUCATION
L063,11.89,0,VENTURE
L086,11.86,1,DEBTCONSOLIDATION
L136,11.86,0,EDUCATION
L141,11.86,1,EDUCATION
L117,11.86,0,VENTURE
L002,11.86,0,PERSONAL
L007,11.86,0,MEDICAL
L010,11.83,1,DEBTCONSOLIDATION
L021,11.83,1,PERSONAL
L074,11.83,1,VENTURE
L081,11.83,0,PERSONAL
L054,11.83,0,PERSONAL
L143,11.83,0,EDUCATION
L092,11.83,0,EDUCATION
L056,11.83,1,VENTURE
L007,11.83,0,MEDICAL
L021,11.83,0,EDUCATION
L029,11.83,0,HOMEIMPROVEMENT
L022,11.83,1,MEDICAL
L140,11.83,1,DEBTCONSOLIDATION
L137,11.83,0,DEBTCONSOLIDATION
L101,11.83,0,VENTURE
L099,11.83,0,MEDICAL
L026,11.78,1,DEBTCONSOLIDATION
L138,11.71,1,MEDICAL
L032,11.71,0,VENTURE
L064,11.71,0,DEBTCONSOLIDATION
L149,11.71,1,PERSONAL
L008,11.71,0,PERSONAL
L102,11.71,0,MEDICAL
L150,11.71,0,EDUCATION
L138,11.71,0,MEDICAL
L118,11.71,1,HOMEIMPROVEMENT
L113,11.71,1,DEBTCONSOLIDATION
L044,11.71,0,EDUCATION
L040,11.71,0,HOMEIMPROVEMENT
L045,11.71,0,EDUCATION
L062,11.66,1,MEDICAL
L041,11.58,0,VENTURE
L130,11.58,0,EDUCATION
L144,11.58,1,HOMEIMPROVEMENT
L038,11.58,0,EDUCATION
L100,11.58,1,VENTURE
L053,11.58,0,PERSONAL
L007,11.58,0,VENTURE
L084,11.58,1,DEBTCONSOLIDATION
L113,11.54,1,HOMEIMPROVEMENT
L014,11.54,1,VENTURE
L072,11.49,0,HOMEIMPROVEMENT
L147,11.49,0,MEDICAL
L015,11.49,0,VENTURE
L094,11.49,0,DEBTCONSOLIDATION
L147,11.49,0,MEDICAL
L140,11.49,1,VENTURE
L055,11.49,0,DEBTCONSOLIDATION
L127,11.49,0,MEDICAL
L137,11.49,0,MEDICAL
L118,11.49,1,PERSONAL
L008,11.49,0,DEBTCONSOLIDATION
L126,11.48,0,VENTURE
L023,11.48,0,EDUCATION
L099,11.48,0,EDUCATION
L029,11.48,1,PERSONAL
L072,11.48,1,HOMEIMPROVEMENT
L022,11.48,1,VENTURE
L112,11.48,0,MEDICAL
L080,11.48,0,PERSONAL
L074,11.46,0,MEDICAL
L046,11.41,0,MEDICAL
L045,11.36,1,EDUCATION
L087,11.36,0,MEDICAL
L039,11.36,1,MEDICAL
L058,11.36,0,DEBTCONSOLIDATION
L064,11.36,0,EDUCATION
L140,11.36,0,HOMEIMPROVEMENT
L019,11.36,0,VENTURE
L118,11.36,0,PERSONAL
L007,11.36,1,MEDICAL
L033,11.36,1,EDUCATION
L077,11.36,1,MEDICAL
L060,11.36,1,VENTURE
L038,11.36,1,EDUCATION
L077,11.36,0,HOMEIMPROVEMENT
L046,11.36,0,VENTURE
L132,11.34,0,VENTURE
L094,11.34,0,EDUCATION
L117,11.34,0,MEDICAL
L038,11.26,0,VENTURE
L150,11.26,1,DEBTCONSOLIDATION
L098,11.26,0,EDUCATION
L087,11.26,0,EDUCATION
L105,11.22,1,PERSONAL
L145,11.14,0,EDUCATION
L021,11.14,0,PERSONAL
L043,11.14,0,PERSONAL
L064,11.14,0,VENTURE
L130,11.14,1,PERSONAL
L128,11.14,1,MEDICAL
L047,11.14,0,DEBTCONSOLIDATION
L131,11.14,1,PERSONAL
L104,11.12,1,MEDICAL
L045,11.12,0,EDUCATION
L027,11.12,0,HOMEIMPROVEMENT
L013,11.12,1,PERSONAL
L068,11.12,1,HOMEIMPROVEMENT
L104,11.11,1,MEDICAL
L077,11.11,0,DEBTCONSOLIDATION
L107,11.11,1,EDUCATION
L103,11.11,1,PERSONAL
L133,11.11,0,MEDICAL
L072,11.11,1,MEDICAL
L107,11.11,0,MEDICAL
L092,11.11,0,PERSONAL
L143,11.11,0,VENTURE
L123,11.11,0,VENTURE
L003,11.11,1,MEDICAL
L038,11.11,0,PERSONAL
L043,11.03,0,PERSONAL
L027,11.03,1,DEBTCONSOLIDATION
L017,10.99,1,EDUCATION
L107,10.99,0,HOMEIMPROVEMENT
L141,10.99,1,VENTURE
L024,10.99,1,EDUCATION
L070,10.99,1,EDUCATION
L119,10.99,1,PERSONAL
L061,10.99,1,EDUCATION
L150,10.99,1,VENTURE
L140,10.99,1,MEDICAL
L025,10.99,0,MEDICAL
L101,10.99,0,PERSONAL
L112,10.99,1,VENTURE
L040,10.99,1,MEDICAL
L134,10.99,1,PERSONAL
L132,10.99,1,EDUCATION
L012,10.99,1,DEBTCONSOLIDATION
L149,10.99,0,PERSONAL
L107,10.99,0,DEBTCONSOLIDATION
L031,10.99,1,VENTURE
L086,10.99,1,DEBTCONSOLIDATION
L085,10.99,1,VENTURE
L063,10.99,1,PERSONAL
L140,10.99,0,DEBTCONSOLIDATION
L002,10.99,1,DEBTCONSOLIDATION
L104,10.99,0,EDUCATION
L130,10.99,1,HOMEIMPROVEMENT
L018,10.99,0,MEDICAL
L011,10.99,1,EDUCATION
L134,10.99,0,DEBTCONSOLIDATION
L089,10.99,1,HOMEIMPROVEMENT
L081,10.99,0,EDUCATION
L032,10.99,0,EDUCATION
L035,10.99,0,HOMEIMPROVEMENT
L128,10.96,0,VENTURE
L070,10.95,0,MEDICAL
L084,10.91,1,EDUCATION
L001,10.91,0,EDUCATION
L129,10.83,1,DEBTCONSOLIDATION
L090,10.75,0,PERSONAL
L108,10.75,1,MEDICAL
L069,10.75,0,MEDICAL
L035,10.75,0,EDUCATION
L138,10.75,1,PERSONAL
L093,10.74,1,VENTURE
L148,10.74,0,MEDICAL
L033,10.74,1,PERSONAL
L010,10.74,0,DEBTCONSOLIDATION
L067,10.74,1,VENTURE
L052,10.74,0,EDUCATION
L059,10.71,1,PERSONAL
L138,10.71,1,MEDICAL
L131,10.71,1,DEBTCONSOLIDATION
L043,10.65,0,DEBTCONSOLIDATION
L093,10.65,1,VENTURE
L059,10.65,1,EDUCATION
L093,10.65,0,EDUCATION
L021,10.65,0,PERSONAL
L024,10.65,0,MEDICAL
L119,10.65,0,EDUCATION
L080,10.65,0,PERSONAL
L033,10.65,0,MEDICAL
L018,10.65,1,VENTURE
L047,10.65,1,MEDICAL
L148,10.65,0,DEBTCONSOLIDATION
L075,10.65,0,EDUCATION
L142,10.65,0,EDUCATION
L064,10.65,1,DEBTCONSOLIDATION
L132,10.65,1,DEBTCONSOLIDATION
L135,10.62,0,VENTURE
L141,10.62,1,VENTURE
L128,10.62,0,MEDICAL
L040,10.62,0,MEDICAL
L029,10.62,1,EDUCATION
L129,10.62,1,VENTURE
L032,10.62,1,EDUCATION
L080,10.62,1,EDUCATION
L149,10.62,0,HOMEIMPROVEMENT
L049,10.62,0,EDUCATION
L108,10.62,0,HOMEIMPROVEMENT
L001,10.62,1,MEDICAL
L146,10.59,0,VENTURE
L056,10.59,0,EDUCATION
L024,10.59,0,DEBTCONSOLIDATION
L107,10.59,0,VENTURE
L052,10.59,0,EDUCATION
L053,10.39,1,VENTURE
L011,10.38,0,HOMEIMPROVEMENT
L015,10.38,0,VENTURE
L005,10.38,1,VENTURE
L033,10.38,0,PERSONAL
L149,10.38,0,PERSONAL
L122,10.38,0,DEBTCONSOLIDATION
L030,10.38,0,DEBTCONSOLIDATION
L122,10.38,1,DEBTCONSOLIDATION
L108,10.37,1,VENTURE
L025,10.37,0,DEBTCONSOLIDATION
L010,10.37,0,PERSONAL
L057,10.37,1,MEDICAL
L065,10.37,1,MEDICAL
L060,10.37,0,MEDICAL
L134,10.37,0,MEDICAL
L090,10.37,0,DEBTCONSOLIDATION
L088,10.37,1,EDUCATION
L144,10.36,1,VENTURE
L087,10.36,1,MEDICAL
L130,10.36,1,DEBTCONSOLIDATION
L025,10.36,0,PERSONAL
L129,10.36,0,EDUCATION
L145,10.36,0,HOMEIMPROVEMENT
L148,10.25,1,PERSONAL
L019,10.25,1,EDUCATION
L043,10.25,0,VENTURE
L032,10.25,0,VENTURE
L056,10.25,0,MEDICAL
L083,10.25,1,DEBTCONSOLIDATION
L048,10.25,1,MEDICAL
L057,10.25,0,EDUCATION
L096,10.25,1,PERSONAL
L075,10.25,1,DEBTCONSOLIDATION
L081,10.25,0,DEBTCONSOLIDATION
L100,10.25,1,VENTURE
L043,10.25,1,MEDICAL
L080,10.25,0,EDUCATION
L057,10.25,1,PERSONAL
L072,10.08,0,VENTURE
L080,10.08,1,HOMEIMPROVEMENT
L022,10,0,EDUCATION
L130,10,0,DEBTCONSOLIDATION
L132,9.99,1,HOMEIMPROVEMENT
L010,9.99,0,EDUCATION
L110,9.99,0,EDUCATION
L087,9.99,1,HOMEIMPROVEMENT
L074,9.99,0,HOMEIMPROVEMENT
L117,9.99,0,HOMEIMPROVEMENT
L090,9.99,1,DEBTCONSOLIDATION
L091,9.99,1,DEBTCONSOLIDATION
L070,9.96,1,DEBTCONSOLIDATION
L041,9.91,1,VENTURE
L072,9.91,1,HOMEIMPROVEMENT
L098,9.91,1,EDUCATION
L144,9.91,0,EDUCATION
L135,9.91,1,EDUCATION
L049,9.91,1,EDUCATION
L049,9.91,0,EDUCATION
L003,9.91,1,EDUCATION
L140,9.91,0,MEDICAL
L034,9.91,1,PERSONAL
L148,9.91,1,VENTURE
L044,9.91,1,EDUCATION
L032,9.91,1,DEBTCONSOLIDATION
L076,9.88,1,VENTURE
L020,9.88,0,HOMEIMPROVEMENT
L069,9.88,0,EDUCATION
L046,9.88,0,HOMEIMPROVEMENT
L067,9.88,1,MEDICAL
L091,9.76,1,EDUCATION
L066,9.76,0,PERSONAL
L084,9.76,0,PERSONAL
L031,9.64,1,EDUCATION
L101,9.64,1,EDUCATION
L128,9.63,0,VENTURE
L104,9.63,1,VENTURE
L078,9.63,0,PERSONAL
L036,9.63,1,EDUCATION
L046,9.63,0,VENTURE
L082,9.63,0,EDUCATION
L032,9.63,0,EDUCATION
L093,9.63,0,VENTURE
L005,9.63,0,MEDICAL
L092,9.62,1,EDUCATION
L103,9.45,0,DEBTCONSOLIDATION
L039,9.33,0,VENTURE
L016,9.33,1,DEBTCONSOLIDATION
L149,9.33,0,EDUCATION
L147,9.32,0,PERSONAL
L132,9.32,0,EDUCATION
L139,9.32,1,PERSONAL
L101,9.25,0,EDUCATION
L023,9.25,0,EDUCATION
L076,9.25,0,MEDICAL
L133,9.25,1,EDUCATION
L108,9.25,0,EDUCATION
L061,8.94,1,PERSONAL
L008,8.94,0,EDUCATION
L016,8.94,0,EDUCATION
L042,8.9,1,PERSONAL
L109,8.9,0,EDUCATION
L080,8.9,0,DEBTCONSOLIDATION
L149,8.9,0,VENTURE
L143,8.9,0,DEBTCONSOLIDATION
L001,8.9,0,PERSONAL
L060,8.9,0,EDUCATION
L084,8.9,0,HOMEIMPROVEMENT
L101,8.9,1,PERSONAL
L135,8.9,0,VENTURE
L071,8.9,0,MEDICAL
L089,8.9,0,VENTURE
L076,8.9,0,PERSONAL
L050,8.9,1,DEBTCONSOLIDATION
L091,8.88,0,HOMEIMPROVEMENT
L150,8.88,1,HOMEIMPROVEMENT
L062,8.88,1,PERSONAL
L129,8.88,0,HOMEIMPROVEMENT
L105,8.88,0,EDUCATION
L031,8.88,0,MEDICAL
L069,8.88,1,VENTURE
L034,8.88,0,PERSONAL
L084,8.7,0,EDUCATION
L098,8.63,1,HOMEIMPROVEMENT
L064,8.63,0,DEBTCONSOLIDATION
L118,8.49,0,EDUCATION
L042,8.49,1,PERSONAL
L042,8.49,1,MEDICAL
L123,8.49,1,MEDICAL
L134,8.49,0,VENTURE
L138,8.49,0,VENTURE
L072,8.49,0,DEBTCONSOLIDATION
L106,8.49,1,PERSONAL
L141,8.38,0,EDUCATION
L137,8.38,0,EDUCATION
L063,8,0,HOMEIMPROVEMENT
L068,8,0,HOMEIMPROVEMENT
L017,7.9,1,VENTURE
L092,7.9,0,EDUCATION
L089,7.9,0,EDUCATION
L022,7.9,0,EDUCATION
L035,7.9,1,EDUCATION
L036,7.9,1,DEBTCONSOLIDATION
L090,7.9,1,DEBTCONSOLIDATION
L126,7.9,1,EDUCATION
L035,7.9,1,HOMEIMPROVEMENT
L026,7.9,0,HOMEIMPROVEMENT
L148,7.9,1,MEDICAL
L001,7.9,0,VENTURE
L100,7.9,1,PERSONAL
L021,7.9,1,DEBTCONSOLIDATION
L113,7.9,1,PERSONAL
L085,7.9,0,MEDICAL
L139,7.9,0,HOMEIMPROVEMENT
L010,7.9,0,EDUCATION
L032,7.9,1,EDUCATION
L081,7.9,1,MEDICAL
L082,7.9,0,MEDICAL
L140,7.9,1,HOMEIMPROVEMENT
L129,7.9,0,VENTURE
L110,7.9,0,EDUCATION
L009,7.9,1,MEDICAL
L133,7.9,1,VENTURE
L013,7.9,0,VENTURE
L062,7.9,0,PERSONAL
L019,7.88,0,VENTURE
L014,7.88,0,EDUCATION
L078,7.88,1,PERSONAL
L130,7.88,0,DEBTCONSOLIDATION
L124,7.88,1,EDUCATION
L043,7.88,0,VENTURE
L127,7.88,0,PERSONAL
L015,7.88,0,VENTURE
L004,7.74,0,PERSONAL
L052,7.68,0,PERSONAL
L013,7.66,0,PERSONAL
L042,7.66,1,DEBTCONSOLIDATION
L150,7.66,0,VENTURE
L008,7.66,1,MEDICAL
L057,7.66,1,MEDICAL
L148,7.66,1,DEBTCONSOLIDATION
L024,7.51,1,EDUCATION
L051,7.51,1,EDUCATION
L030,7.51,0,PERSONAL
L148,7.51,1,VENTURE
L113,7.51,0,PERSONAL
L001,7.51,0,DEBTCONSOLIDATION
L049,7.51,1,MEDICAL
L044,7.51,0,EDUCATION
L082,7.51,0,DEBTCONSOLIDATION
L080,7.49,0,VENTURE
L012,7.49,1,PERSONAL
L121,7.49,1,VENTURE
L036,7.49,0,VENTURE
L134,7.49,1,PERSONAL
L007,7.49,0,EDUCATION
L066,7.49,1,HOMEIMPROVEMENT
L137,7.49,0,EDUCATION
L147,7.49,1,VENTURE
L103,7.49,1,VENTURE
L022,7.49,1,PERSONAL
L081,7.49,0,MEDICAL
L018,7.49,1,DEBTCONSOLIDATION
L038,7.49,0,MEDICAL
L022,7.49,1,DEBTCONSOLIDATION
L127,7.49,0,PERSONAL
L145,7.49,1,MEDICAL
L087,7.49,0,EDUCATION
L092,7.49,0,EDUCATION
L047,7.4,1,DEBTCONSOLIDATION
L130,7.29,0,PERSONAL
L095,7.29,0,PERSONAL
L004,7.29,1,DEBTCONSOLIDATION
L089,7.29,0,VENTURE
L072,7.29,1,PERSONAL
L122,7.29,1,EDUCATION
L014,7.14,1,VENTURE
L130,7.14,1,DEBTCONSOLIDATION
L066,7.14,1,VENTURE
L088,7.14,0,PERSONAL
L127,7.14,0,MEDICAL
L017,6.99,0,EDUCATION
L048,6.99,1,EDUCATION
L014,6.99,1,VENTURE
L015,6.99,0,PERSONAL
L144,6.99,1,DEBTCONSOLIDATION
L110,6.99,0,VENTURE
L128,6.92,0,VENTURE
L065,6.91,0,EDUCATION
L037,6.91,1,VENTURE
L056,6.91,1,HOMEIMPROVEMENT
L014,6.91,1,DEBTCONSOLIDATION
L110,6.91,0,VENTURE
L135,6.91,0,PERSONAL
L054,6.91,0,MEDICAL
L064,6.91,0,PERSONAL
L008,6.62,0,VENTURE
L032,6.62,1,DEBTCONSOLIDATION
L116,6.62,1,EDUCATION
L030,6.62,1,EDUCATION
L090,6.54,0,VENTURE
L061,6.54,0,VENTURE
L043,6.54,1,HOMEIMPROVEMENT
L140,6.54,0,VENTURE
L090,6.54,1,MEDICAL
L077,6.54,1,EDUCATION
L108,6.54,1,MEDICAL
L145,6.54,0,VENTURE
L067,6.54,0,DEBTCONSOLIDATION
L052,6.54,0,EDUCATION
L016,6.54,1,VENTURE
L041,6.54,1,PERSONAL
L124,6.54,1,VENTURE
L138,6.54,0,VENTURE
L060,6.39,1,HOMEIMPROVEMENT
L032,6.39,0,PERSONAL
L078,6.17,0,DEBTCONSOLIDATION
L046,6.17,1,MEDICAL
L024,6.17,0,EDUCATION
L109,6.17,1,VENTURE
L087,6.03,0,PERSONAL
L095,5.99,0,VENTURE
L117,5.99,1,HOMEIMPROVEMENT
L014,5.99,0,EDUCATION
L014,5.99,1,EDUCATION
L112,5.99,0,MEDICAL
L018,5.99,0,DEBTCONSOLIDATION
L144,5.99,0,MEDICAL
L056,5.99,0,VENTURE
L007,5.79,1,EDUCATION
L022,5.79,0,EDUCATION
L020,5.79,0,VENTURE
L147,5.79,0,PERSONAL
L114,5.79,0,PERSONAL
L069,5.42,0,MEDICAL
L014,5.42,0,PERSONAL
L094,5.42,0,VENTURE
